<?xml version="1.0" encoding="UTF-8"?>
<project-private xmlns="http://www.netbeans.org/ns/project-private/1">
    <editor-bookmarks xmlns="http://www.netbeans.org/ns/editor-bookmarks/2" lastBookmarkId="0"/>
    <open-files xmlns="http://www.netbeans.org/ns/projectui-open-files/2">
        <group>
            <file>file:/D:/campus%20notes%20cam/slt%20campus%20semi%203/mplab%20codding/My_Digital_3_Project.X/Lcd_KeyPad.h</file>
            <file>file:/D:/campus%20notes%20cam/slt%20campus%20semi%203/mplab%20codding/My_Digital_3_Project.X/Buz_Lock_Led.h</file>
            <file>file:/D:/campus%20notes%20cam/slt%20campus%20semi%203/mplab%20codding/My_Digital_3_Project.X/Password_Based_Door_Lock.c</file>
        </group>
    </open-files>
</project-private>
